ID,X,Y,Click
1,437,556,0
2,418,537,0
3,397,516,0
4,362,480,0
5,316,432,0
6,273,382,0
7,238,336,0
8,215,293,0
9,197,257,0
10,189,232,0
11,188,215,0
12,188,198,0
13,191,182,0
14,195,168,0
15,198,153,0
16,199,141,0
17,197,124,0
18,194,108,0
19,185,87,0
20,179,73,0
21,173,60,0
22,170,49,0
23,167,45,0
24,166,42,0
25,166,39,0
26,166,38,0
27,166,37,0
28,166,36,0
29,166,35,0
30,166,34,0
31,166,33,0
32,166,32,0
33,166,31,0
34,166,30,0
35,165,28,0
36,151,119,0
37,161,123,0
38,173,128,0
39,181,129,0
40,191,129,0
41,211,122,0
42,214,118,0
43,217,115,0
44,217,112,0
45,217,107,0
46,156,247,0
47,232,261,0
48,254,261,0
49,286,261,0
50,310,258,0
51,327,251,0
52,336,246,0
53,339,241,0
54,340,237,0
55,339,230,0
56,336,226,0
57,331,220,0
58,325,216,0
59,321,215,0
60,311,215,0
61,301,219,0
62,293,229,0
63,286,241,0
64,275,265,0
65,265,290,0
66,263,310,0
67,263,324,0
68,268,332,0
69,273,336,0
70,278,339,0
71,287,342,0
72,295,343,0
73,303,343,0
74,314,342,0
75,323,340,0
76,332,335,0
77,338,331,0
78,345,323,0
79,348,317,0
80,349,307,0
81,349,298,0
82,349,291,0
83,348,282,0
84,346,275,0
85,341,265,0
86,338,259,0
87,331,250,0
88,323,244,0
89,313,237,0
90,297,231,0
91,285,229,0
92,265,229,0
93,246,233,0
94,213,245,0
95,187,257,0
96,155,276,0
97,138,289,0
98,123,303,0
99,117,309,0
100,116,310,0
101,117,307,0
102,121,296,0
103,127,285,0
104,131,275,0
105,137,265,0
106,147,248,0
107,154,238,0
108,165,225,0
109,181,207,0
110,193,198,0
111,212,186,0
112,226,180,0
113,256,172,0
114,275,172,0
115,308,172,0
116,333,180,0
117,360,195,0
118,383,215,0
119,393,229,0
120,403,249,0
121,408,266,0
122,410,289,0
123,410,305,0
124,410,330,0
125,410,344,0
126,409,363,0
127,407,378,0
128,404,388,0
129,396,401,0
130,387,408,0
131,371,420,0
132,359,425,0
133,343,433,0
134,329,438,0
135,306,445,0
136,288,448,0
137,278,449,0
138,263,449,0
139,251,446,0
140,361,337,0
141,320,335,0
142,278,340,0
143,234,357,0
144,199,381,0
145,176,403,0
146,168,418,0
147,169,428,0
148,186,437,0
149,218,443,0
150,256,445,0
151,297,445,0
152,321,440,0
153,353,433,0
154,373,425,0
155,385,419,0
156,392,414,0
157,393,412,0
158,394,411,0
159,394,410,0
160,394,417,0
161,394,432,0
162,400,450,0
163,408,461,0
164,424,474,0
165,447,485,0
166,466,490,0
167,479,493,0
168,491,495,0
169,496,495,0
170,380,418,0
171,383,408,0
172,384,398,0
173,384,388,0
174,382,375,0
175,378,366,0
176,372,361,0
177,368,361,0
178,366,366,0
179,365,375,0
180,365,384,0
181,366,403,0
182,377,426,0
183,395,445,0
184,421,458,0
185,445,464,0
186,461,467,0
187,475,469,0
188,483,469,0
189,488,469,0
190,491,467,0
191,495,466,0
192,498,466,0
193,505,466,0
194,524,475,0
195,551,494,0
196,473,567,0
197,474,565,0
198,476,564,0
199,479,561,0
200,484,559,0
201,487,557,0
202,493,554,0
203,499,550,0
204,509,544,0
205,518,539,0
206,530,532,0
207,541,525,0
208,473,567,0
209,474,565,0
210,476,564,0
211,479,561,0
212,473,567,0
213,484,559,0
214,474,565,0
215,487,557,0
216,476,564,0
217,493,554,0
218,479,561,0
219,499,550,0
220,484,559,0
221,509,544,0
222,487,557,0
223,518,539,0
224,493,554,0
225,499,550,0
226,530,532,0
227,509,544,0
228,541,525,0
229,518,539,0
230,530,532,0
231,541,525,0
232,309,19,0
233,344,28,0
234,390,37,0
235,491,57,0
236,526,64,0
237,1303,12,0
238,1303,12,0
239,1297,15,0
240,1291,18,0
241,1239,53,0
242,1194,76,0
243,1118,111,0
244,1022,152,0
245,928,187,0
246,840,222,0
247,760,254,0
248,688,279,0
249,639,301,0
250,620,308,0
251,613,312,0
252,615,312,0
253,645,309,0
254,705,289,0
255,767,263,0
256,826,240,0
257,854,222,0
258,866,206,0
259,869,192,0
260,865,191,0
261,852,196,0
262,837,224,0
263,828,274,0
264,841,301,0
265,885,322,0
266,942,330,0
267,1005,332,0
268,1076,320,0
269,1125,299,0
270,1146,268,0
271,1144,238,0
272,1126,195,0
273,1095,162,0
274,1062,148,0
275,1030,147,0
276,999,159,0
277,962,198,0
278,937,265,0
279,956,281,0
280,1001,293,0
281,1061,293,0
282,1120,289,0
283,1155,276,0
284,1172,262,0
285,1182,244,0
286,1187,214,0
287,1188,167,0
288,1188,147,0
289,1187,133,0
290,1186,124,0
291,1185,113,0
292,1185,106,0
293,1190,99,0
294,1198,93,0
295,1207,88,0
296,1223,86,0
297,1238,90,0
298,1250,91,0
299,902,353,0
300,850,329,0
301,780,298,0
302,713,270,0
303,663,259,0
304,608,255,0
305,581,253,0
306,560,242,0
307,547,228,0
308,534,203,0
309,521,177,0
310,509,150,0
311,491,99,0
312,465,47,0
313,433,1,0
314,392,11,0
315,384,40,0
316,370,71,0
317,362,84,0
318,361,85,0
319,362,85,0
320,365,81,0
321,370,70,0
322,377,50,0
323,382,30,0
324,381,6,0
325,276,2,0
326,212,45,0
327,208,45,0
328,202,50,0
329,193,64,0
330,183,79,0
331,178,85,0
332,176,84,0
333,170,81,0
334,159,83,0
335,140,92,0
336,127,99,0
337,110,106,0
338,106,106,0
339,104,106,0
340,101,106,0
341,97,106,0
342,92,106,0
343,90,106,0
344,89,106,0
345,88,106,0
346,88,108,0
347,88,110,0
348,88,113,0
349,88,114,0
350,88,116,0
351,87,120,0
352,84,126,0
353,83,148,0
354,85,167,0
355,91,183,0
356,98,202,0
357,104,224,0
358,108,241,0
359,112,256,0
360,119,274,0
361,124,289,0
362,131,304,0
363,133,310,0
364,134,310,0
365,135,311,0
366,75,484,0
367,78,489,0
368,81,493,0
369,84,496,0
370,87,501,0
371,90,506,0
372,94,513,0
373,95,515,0
374,98,517,0
375,105,521,0
376,111,522,0
377,114,523,0
378,126,527,0
379,145,537,0
380,172,550,0
381,200,561,0
382,238,574,0
383,263,575,0
384,282,575,0
385,397,535,0
386,444,524,0
387,491,521,0
388,543,521,0
389,573,521,0
390,595,527,0
391,612,530,0
392,622,531,0
393,630,532,0
394,654,536,0
395,720,549,0
396,738,553,0
397,769,562,0
398,778,563,0
399,783,563,0
400,784,563,0
401,786,559,0
402,790,553,0
403,799,539,0
404,804,533,0
405,809,532,0
406,813,532,0
407,818,533,0
408,829,539,0
409,862,548,0
410,871,550,0
411,882,551,0
412,895,554,0
413,901,554,0
414,907,554,0
415,909,553,0
416,917,550,0
417,926,546,0
418,934,542,0
419,939,539,0
420,941,537,0
421,944,535,0
422,947,534,0
423,958,534,0
424,976,535,0
425,988,537,0
426,997,539,0
427,1002,539,0
428,1003,539,0
429,1003,538,0
430,1003,537,0
431,1003,536,0
432,1004,535,0
433,1004,534,0
434,1005,534,0
435,1007,533,0
436,1008,533,0
437,1010,533,0
438,1013,533,0
439,1016,533,0
440,1019,533,0
441,1020,533,0
442,1020,534,0
443,1020,535,0
444,1020,537,0
445,1020,538,0
446,1020,539,0
447,1020,541,0
448,1020,543,0
449,1020,544,0
450,1019,546,0
451,1019,547,0
452,1018,547,0
453,1016,548,0
454,1013,549,0
455,1010,550,0
456,1006,551,0
457,1003,551,0
458,1000,551,0
459,999,551,0
460,998,551,0
461,995,548,0
462,994,548,0
463,994,547,0
464,994,546,0
465,997,544,0
466,1001,542,0
467,1004,540,0
468,1008,539,0
469,1009,539,0
470,1011,541,0
471,1011,540,0
472,1011,537,0
473,1008,535,0
474,1004,532,0
475,997,531,0
476,990,531,0
477,988,532,0
478,985,535,0
479,983,541,0
480,983,543,0
481,986,546,0
482,991,547,0
483,997,547,0
484,1004,547,0
485,1012,545,0
486,1017,540,0
487,1017,537,0
488,1017,528,0
489,1014,523,0
490,1010,522,0
491,1007,521,0
492,1002,521,0
493,997,525,0
494,993,529,0
495,991,534,0
496,995,535,0
497,1002,535,0
498,1009,535,0
499,1015,532,0
500,1016,530,0
501,1017,526,0
502,1013,521,0
503,1008,519,0
504,1002,518,0
505,996,519,0
506,984,527,0
507,985,530,0
508,990,530,0
509,996,530,0
510,1000,530,0
511,1002,529,0
512,1002,528,0
513,1002,527,0
514,1001,527,0
515,1000,527,0
516,1000,526,0
517,1000,525,0
518,1000,524,0
519,1000,523,0
520,1000,522,0
521,1000,521,0
522,1000,520,0
523,999,520,0
524,996,520,0
525,996,522,0
526,996,524,0
527,996,526,0
528,998,526,0
529,1006,523,0
530,1010,517,0
531,1010,514,0
532,1010,512,0
533,1007,509,0
534,1011,503,0
535,1009,501,0
536,1003,490,0
537,992,472,0
538,916,394,0
539,829,333,0
540,708,261,0
541,595,185,0
542,491,126,0
543,420,92,0
544,389,77,0
545,378,76,0
546,377,78,0
547,376,83,0
548,373,102,0
549,371,118,0
550,370,124,0
551,370,134,0
552,369,145,0
553,368,152,0
554,366,155,0
555,364,157,0
556,357,157,0
557,330,142,0
558,308,129,0
559,275,115,0
560,248,106,0
561,225,101,0
562,197,90,0
563,169,79,0
564,143,65,0
565,109,44,0
566,95,36,0
567,91,33,0
568,89,32,0
569,88,32,0
570,55,18,0
571,50,15,0
572,45,14,0
573,39,13,0
574,34,13,0
575,33,13,0
576,32,13,0
577,31,13,0
578,30,15,0
579,30,16,0
580,29,18,0
581,28,18,0
582,27,16,0
583,26,15,0
584,24,15,0
585,22,15,0
586,19,16,0
587,16,18,0
588,13,22,0
589,11,25,0
590,11,26,0
591,11,27,0
592,13,27,0
593,18,27,0
594,23,27,0
595,28,24,0
596,30,20,0
597,31,19,0
598,31,15,0
599,30,12,0
600,28,10,0
601,24,10,0
602,21,10,0
603,18,10,0
604,17,10,0
605,16,15,0
606,16,20,0
607,18,25,0
608,25,33,0
609,30,35,0
610,35,36,0
611,38,36,0
612,40,35,0
613,41,32,0
614,41,28,0
615,41,23,0
616,39,19,0
617,13,30,0
618,16,35,0
619,19,38,0
620,22,39,0
621,27,39,0
622,33,36,0
623,35,32,0
624,37,28,0
625,38,23,0
626,38,16,0
627,37,13,0
628,35,11,0
629,32,10,0
630,29,10,0
631,24,10,0
632,21,10,0
633,17,12,0
634,12,18,0
635,9,23,0
636,9,28,0
637,9,32,0
638,9,35,0
639,12,39,0
640,16,39,0
641,21,39,0
642,27,39,0
643,34,35,0
644,35,28,0
645,35,22,0
646,33,17,0
647,31,15,0
648,18,43,0
649,21,41,0
650,23,38,0
651,26,32,0
652,26,27,0
653,26,23,0
654,24,19,0
655,20,13,0
656,13,11,0
657,8,10,0
658,2,9,0
659,0,9,0
660,0,27,0
661,4,30,0
662,7,33,0
663,30,12,0
664,29,12,0
665,27,12,0
666,25,13,0
667,25,14,0
668,22,23,0
669,22,25,0
670,22,26,0
671,23,26,0
672,24,26,0
673,26,24,0
674,26,22,0
675,26,18,0
676,26,16,0
677,25,14,0
678,24,14,0
679,26,15,0
680,29,20,0
681,33,25,0
682,38,29,0
683,42,31,0
684,46,34,0
685,47,35,0
686,46,35,0
687,44,35,0
688,36,32,0
689,32,31,0
690,29,28,0
691,27,25,0
692,27,23,0
693,26,21,0
694,26,19,0
695,26,17,0
696,26,16,0
697,26,15,0
698,28,14,0
699,30,14,0
700,36,13,0
701,40,13,0
702,44,13,0
703,48,13,0
704,50,13,0
705,51,13,0
706,53,13,0
707,54,14,0
708,57,17,0
709,58,19,0
710,60,20,0
711,61,23,0
712,61,24,0
713,37,14,0
714,35,15,0
715,34,18,0
716,33,24,0
717,33,29,0
718,34,32,0
719,37,33,0
720,43,34,0
721,50,33,0
722,56,32,0
723,61,27,0
724,62,23,0
725,61,17,0
726,57,12,0
727,51,12,0
728,45,12,0
729,38,17,0
730,33,25,0
731,29,30,0
732,28,35,0
733,28,37,0
734,31,39,0
735,38,22,0
736,35,21,0
737,33,21,0
738,31,24,0
739,30,30,0
740,31,36,0
741,36,39,0
742,45,41,0
743,55,40,0
744,64,35,0
745,71,29,0
746,74,25,0
747,74,21,0
748,66,16,0
749,58,15,0
750,48,15,0
751,38,17,0
752,31,21,0
753,29,26,0
754,29,29,0
755,30,32,0
756,33,34,0
757,38,36,0
758,42,36,0
759,45,36,0
760,48,33,0
761,49,29,0
762,49,24,0
763,46,20,0
764,40,18,0
765,36,18,0
766,33,20,0
767,28,34,0
768,28,43,0
769,33,48,0
770,38,50,0
771,45,51,0
772,49,50,0
773,54,44,0
774,55,40,0
775,55,36,0
776,51,29,0
777,44,27,0
778,37,27,0
779,38,22,0
780,28,29,0
781,35,21,0
782,28,30,0
783,33,21,0
784,30,31,0
785,31,24,0
786,32,32,0
787,30,30,0
788,31,36,0
789,38,33,0
790,36,39,0
791,43,33,0
792,45,41,0
793,46,32,0
794,55,40,0
795,49,31,0
796,64,35,0
797,50,30,0
798,71,29,0
799,74,25,0
800,74,21,0
801,66,16,0
802,58,15,0
803,48,15,0
804,38,17,0
805,31,21,0
806,29,26,0
807,29,29,0
808,30,32,0
809,33,34,0
810,38,36,0
811,42,36,0
812,45,36,0
813,48,33,0
814,49,29,0
815,49,24,0
816,46,20,0
817,40,18,0
818,36,18,0
819,33,20,0
820,28,34,0
821,28,43,0
822,33,48,0
823,38,50,0
824,45,51,0
825,49,50,0
826,54,44,0
827,55,40,0
828,55,36,0
829,51,29,0
830,44,27,0
831,37,27,0
832,28,29,0
833,28,30,0
834,30,31,0
835,32,32,0
836,38,33,0
837,43,33,0
838,46,32,0
839,49,31,0
840,50,30,0
841,50,31,0
842,50,32,0
843,48,34,0
844,48,35,0
845,46,39,0
846,46,40,0
847,47,40,0
848,48,39,0
849,50,37,0
850,50,32,0
851,50,28,0
852,49,26,0
853,47,26,0
854,43,33,0
855,42,40,0
856,42,45,0
857,44,47,0
858,49,49,0
859,58,50,0
860,64,50,0
861,70,50,0
862,76,49,0
863,77,49,0
864,77,47,0
865,73,46,0
866,70,45,0
867,62,45,0
868,56,45,0
869,54,49,0
870,58,59,0
871,72,67,0
872,82,70,0
873,89,71,0
874,96,71,0
875,101,71,0
876,107,69,0
877,119,64,0
878,125,62,0
879,128,61,0
880,130,61,0
881,132,60,0
882,133,60,0
883,133,59,0
884,133,58,0
885,128,55,0
886,124,53,0
887,110,53,0
888,91,53,0
889,255,70,0
890,261,70,0
891,272,70,0
892,283,70,0
893,295,70,0
894,301,70,0
895,304,70,0
896,305,70,0
897,306,70,0
898,311,70,0
899,320,74,0
900,332,79,0
901,346,86,0
902,362,95,0
903,373,104,0
904,383,115,0
905,391,124,0
906,395,129,0
907,409,142,0
908,417,150,0
909,428,160,0
910,597,286,0
911,595,292,0
912,595,300,0
913,595,303,0
914,597,306,0
915,599,307,0
916,603,304,0
917,603,300,0
918,602,291,0
919,596,286,0
920,589,286,0
921,579,292,0
922,572,303,0
923,570,309,0
924,570,311,0
925,584,311,0
926,594,307,0
927,599,302,0
928,601,297,0
929,601,295,0
930,598,289,0
931,589,281,0
932,578,279,0
933,564,281,0
934,559,287,0
935,559,289,0
936,561,291,0
937,566,291,0
938,574,291,0
939,578,291,0
940,579,291,0
941,580,289,0
942,579,283,0
943,571,273,0
944,556,269,0
945,544,270,0
946,569,287,0
947,569,280,0
948,566,272,0
949,561,268,0
950,558,268,0
951,552,273,0
952,550,277,0
953,547,286,0
954,547,293,0
955,550,296,0
956,554,297,0
957,560,297,0
958,566,295,0
959,569,292,0
960,569,287,0
961,569,281,0
962,563,276,0
963,556,274,0
964,551,273,0
965,543,276,0
966,536,291,0
967,537,299,0
968,541,303,0
969,545,305,0
970,554,306,0
971,561,305,0
972,564,303,0
973,566,299,0
974,566,293,0
975,562,284,0
976,554,280,0
977,549,280,0
978,541,284,0
979,533,294,0
980,532,298,0
981,532,303,0
982,537,304,0
983,544,304,0
984,552,301,0
985,554,299,0
986,555,296,0
987,555,293,0
988,552,289,0
989,548,287,0
990,543,287,0
991,537,288,0
992,530,295,0
993,529,299,0
994,530,301,0
995,531,302,0
996,535,302,0
997,537,302,0
998,552,284,0
999,556,289,0
1000,559,296,0
1001,568,311,0
1002,582,326,0
1003,597,334,0
1004,607,337,0
1005,616,340,0
1006,631,355,0
1007,651,381,0
1008,667,405,0
1009,681,433,0
1010,750,497,0
1011,752,501,0
1012,753,507,0
1013,755,512,0
1014,756,519,0
1015,760,534,0
1016,763,543,0
1017,767,550,0
1018,768,554,0
1019,768,557,0
1020,767,561,0
1021,765,571,0
1022,765,586,0
1023,765,598,0
1024,765,609,0
1025,765,612,0
1026,763,613,0
1027,762,616,0
1028,762,620,0
1029,761,624,0
1030,761,626,0
1031,508,583,0
1032,508,577,0
1033,511,571,0
1034,515,566,0
1035,546,546,0
1036,569,529,0
1037,596,501,0
1038,641,452,0
1039,690,400,0
1040,749,323,0
1041,809,229,0
1042,868,144,0
1043,925,73,0
1044,750,497,0
1045,974,16,0
1046,752,501,0
1047,753,507,0
1048,755,512,0
1049,756,519,0
1050,760,534,0
1051,763,543,0
1052,767,550,0
1053,768,554,0
1054,768,557,0
1055,767,561,0
1056,765,571,0
1057,765,586,0
1058,765,598,0
1059,765,609,0
1060,765,612,0
1061,763,613,0
1062,762,616,0
1063,762,620,0
1064,761,624,0
1065,761,626,0
1066,508,583,0
1067,750,497,0
1068,508,577,0
1069,752,501,0
1070,511,571,0
1071,753,507,0
1072,515,566,0
1073,546,546,0
1074,750,497,0
1075,755,512,0
1076,569,529,0
1077,756,519,0
1078,752,501,0
1079,596,501,0
1080,760,534,0
1081,753,507,0
1082,641,452,0
1083,763,543,0
1084,755,512,0
1085,690,400,0
1086,756,519,0
1087,767,550,0
1088,749,323,0
1089,760,534,0
1090,768,554,0
1091,809,229,0
1092,763,543,0
1093,768,557,0
1094,868,144,0
1095,767,561,0
1096,767,550,0
1097,925,73,0
1098,768,554,0
1099,765,571,0
1100,974,16,0
1101,765,586,0
1102,768,557,0
1103,767,561,0
1104,765,598,0
1105,765,571,0
1106,765,609,0
1107,765,586,0
1108,765,612,0
1109,765,598,0
1110,763,613,0
1111,765,609,0
1112,762,616,0
1113,765,612,0
1114,762,620,0
1115,763,613,0
1116,761,624,0
1117,762,616,0
1118,761,626,0
1119,762,620,0
1120,508,583,0
1121,761,624,0
1122,508,577,0
1123,761,626,0
1124,511,571,0
1125,508,583,0
1126,515,566,0
1127,508,577,0
1128,546,546,0
1129,511,571,0
1130,569,529,0
1131,515,566,0
1132,596,501,0
1133,546,546,0
1134,641,452,0
1135,569,529,0
1136,690,400,0
1137,596,501,0
1138,749,323,0
1139,641,452,0
1140,809,229,0
1141,690,400,0
1142,868,144,0
1143,749,323,0
1144,925,73,0
1145,809,229,0
1146,974,16,0
1147,868,144,0
1148,925,73,0
1149,974,16,0
1150,288,1,0
1151,272,1,0
1152,239,1,0
1153,215,0,0
1154,191,88,0
1155,297,153,0
1156,384,148,0
1157,386,144,0
1158,387,134,0
1159,377,115,0
1160,354,93,0
1161,333,84,0
1162,311,83,0
1163,292,87,0
1164,273,99,0
1165,251,117,0
1166,230,139,0
1167,214,167,0
1168,206,196,0
1169,203,223,0
1170,206,243,0
1171,214,263,0
1172,233,281,0
1173,297,312,0
1174,350,324,0
1175,407,332,0
1176,458,335,0
1177,499,335,0
1178,538,328,0
1179,570,321,0
1180,605,306,0
1181,638,276,0
1182,644,251,0
1183,641,219,0
1184,601,150,0
1185,584,134,0
1186,542,101,0
1187,495,75,0
1188,459,66,0
1189,408,65,0
1190,375,73,0
1191,344,89,0
1192,311,113,0
1193,281,146,0
1194,262,174,0
1195,254,195,0
1196,249,212,0
1197,248,220,0
1198,242,228,0
1199,240,229,0
1200,236,230,0
1201,234,230,0
1202,230,230,0
1203,227,230,0
1204,226,230,0
1205,224,230,0
1206,273,184,0
1207,289,174,0
1208,312,163,0
1209,337,153,0
1210,369,142,0
1211,400,135,0
1212,431,128,0
1213,460,124,0
1214,489,120,0
1215,552,117,0
1216,598,117,0
1217,646,119,0
1218,693,127,0
1219,719,133,0
1220,745,147,0
1221,757,162,0
1222,767,179,0
1223,777,199,0
1224,787,221,0
1225,796,244,0
1226,798,262,0
1227,797,281,0
1228,786,298,0
1229,764,314,0
1230,747,325,0
1231,724,332,0
1232,681,338,0
1233,643,341,0
1234,601,342,0
1235,546,344,0
1236,232,210,0
1237,232,217,0
1238,241,232,0
1239,263,238,0
1240,280,238,0
1241,298,237,0
1242,316,229,0
1243,327,215,0
1244,331,197,0
1245,331,177,0
1246,322,155,0
1247,302,133,0
1248,278,118,0
1249,259,117,0
1250,236,124,0
1251,224,140,0
1252,219,157,0
1253,218,172,0
1254,228,183,0
1255,249,187,0
1256,299,185,0
1257,337,176,0
1258,363,158,0
1259,370,132,0
1260,365,108,0
1261,331,68,0
1262,281,29,0
1263,228,10,0
1264,182,4,0
1265,149,8,0
1266,130,20,0
1267,120,35,0
1268,121,65,0
1269,235,66,0
1270,224,45,0
1271,201,23,0
1272,172,12,0
1273,137,10,0
1274,103,13,0
1275,72,26,0
1276,55,46,0
1277,51,65,0
1278,60,87,0
1279,88,105,0
1280,122,115,0
1281,162,119,0
1282,188,118,0
1283,200,110,0
1284,202,100,0
1285,201,85,0
1286,192,71,0
1287,180,63,0
1288,160,63,0
1289,144,73,0
1290,129,93,0
1291,121,111,0
1292,121,122,0
1293,130,131,0
1294,149,134,0
1295,205,130,0
1296,236,118,0
1297,248,108,0
1298,247,91,0
1299,225,71,0
1300,192,57,0
1301,155,50,0
1302,123,53,0
1303,95,69,0
1304,81,90,0
1305,86,111,0
1306,115,124,0
1307,145,128,0
1308,171,126,0
1309,184,119,0
1310,190,107,0
1311,188,92,0
1312,173,77,0
1313,154,67,0
1314,125,66,0
1315,108,75,0
1316,97,92,0
1317,95,107,0
1318,102,121,0
1319,114,128,0
1320,126,130,0
1321,136,130,0
1322,147,124,0
1323,115,58,0
1324,103,70,0
1325,99,79,0
1326,99,85,0
1327,113,90,0
1328,140,91,0
1329,176,87,0
1330,220,73,0
1331,231,64,0
1332,231,61,0
1333,221,70,0
1334,214,84,0
1335,212,90,0
1336,212,92,0
1337,213,92,0
1338,216,92,0
1339,222,92,0
1340,235,97,0
1341,251,110,0
1342,266,128,0
1343,290,154,0
1344,315,181,0
1345,356,219,0
1346,427,280,0
1347,517,342,0
1348,602,394,0
1349,672,435,0
1350,718,456,0
1351,711,301,0
1352,684,297,0
1353,642,304,0
1354,587,334,0
1355,536,385,0
1356,525,407,0
1357,526,418,0
1358,545,427,0
1359,587,428,0
1360,685,419,0
1361,732,408,0
1362,750,398,0
1363,753,390,0
1364,745,374,0
1365,713,354,0
1366,666,349,0
1367,611,361,0
1368,552,413,0
1369,546,433,0
1370,556,446,0
1371,576,450,0
1372,599,450,0
1373,627,442,0
1374,641,429,0
1375,644,414,0
1376,640,396,0
1377,615,382,0
1378,597,387,0
1379,581,404,0
1380,572,425,0
1381,573,440,0
1382,580,449,0
1383,594,451,0
1384,605,449,0
1385,612,444,0
1386,614,431,0
1387,609,415,0
1388,600,407,0
1389,592,404,0
1390,585,405,0
1391,578,412,0
1392,575,419,0
1393,575,425,0
1394,576,425,0
1395,579,425,0
1396,583,424,0
1397,586,421,0
1398,588,418,0
1399,589,414,0
1400,589,413,0
1401,589,414,0
1402,589,415,0
1403,759,363,0
1404,805,341,0
1405,851,319,0
1406,893,299,0
1407,925,286,0
1408,943,280,0
1409,953,275,0
1410,960,270,0
1411,962,267,0
1412,962,266,0
1413,962,264,0
1414,961,262,0
1415,956,259,0
1416,949,258,0
1417,940,258,0
1418,920,270,0
1419,913,281,0
1420,913,285,0
1421,914,285,0
1422,917,285,0
1423,922,285,0
1424,928,284,0
1425,934,282,0
1426,937,279,0
1427,936,273,0
1428,917,261,0
1429,875,241,0
1430,783,218,0
1431,731,216,0
1432,680,228,0
1433,649,250,0
1434,642,261,0
1435,412,134,0
1436,321,101,0
1437,245,77,0
1438,181,64,0
1439,145,57,0
1440,126,54,0
1441,117,50,0
1442,112,48,0
1443,106,46,0
1444,100,44,0
1445,93,43,0
1446,83,42,0
1447,76,41,0
1448,72,41,0
1449,68,39,0
1450,62,36,0
1451,57,33,0
1452,49,29,0
1453,45,28,0
1454,43,27,0
1455,43,25,0
1456,43,22,0
1457,43,20,0
1458,41,15,0
1459,41,14,0
1460,40,13,0
1461,39,13,0
1462,37,13,0
1463,35,13,0
1464,31,12,0
1465,29,12,0
1466,28,14,0
1467,28,15,0
1468,28,18,0
1469,28,19,0
1470,28,20,0
1471,29,20,0
1472,31,20,0
1473,32,19,0
1474,32,16,0
1475,28,14,0
1476,23,13,0
1477,16,13,0
1478,10,14,0
1479,6,17,0
1480,5,22,0
1481,5,24,0
1482,7,25,0
1483,12,25,0
1484,18,25,0
1485,22,25,0
1486,25,23,0
1487,26,21,0
1488,26,17,0
1489,26,16,0
1490,24,16,0
1491,21,16,0
1492,20,16,0
1493,16,20,0
1494,16,24,0
1495,21,26,0
1496,30,29,0
1497,35,29,0
1498,36,28,0
1499,37,26,0
1500,44,31,0
1501,45,28,0
1502,44,25,0
1503,38,23,0
1504,34,23,0
1505,28,27,0
1506,27,34,0
1507,28,34,0
1508,31,34,0
1509,37,33,0
1510,40,29,0
1511,42,26,0
1512,41,24,0
1513,37,23,0
1514,34,25,0
1515,33,30,0
1516,33,36,0
1517,37,37,0
1518,41,37,0
1519,45,33,0
1520,45,29,0
1521,42,21,0
1522,37,19,0
1523,34,19,0
1524,31,21,0
1525,30,27,0
1526,35,31,0
1527,42,31,0
1528,50,29,0
1529,51,26,0
1530,51,21,0
1531,51,16,0
1532,47,13,0
1533,44,13,0
1534,42,13,0
1535,39,16,0
1536,36,19,0
1537,36,22,0
1538,40,22,0
1539,48,22,0
1540,53,20,0
1541,55,16,0
1542,55,14,0
1543,55,11,0
1544,52,10,0
1545,50,10,0
1546,44,16,0
1547,41,26,0
1548,42,33,0
1549,48,35,0
1550,57,35,0
1551,53,14,0
1552,43,22,0
1553,39,28,0
1554,39,30,0
1555,44,30,0
1556,50,30,0
1557,56,29,0
1558,64,26,0
1559,68,22,0
1560,68,15,0
1561,64,8,0
1562,58,4,0
1563,52,0,0
1564,17,2,0
1565,13,6,0
1566,12,11,0
1567,12,18,0
1568,14,25,0
1569,31,30,0
1570,46,30,0
1571,55,29,0
1572,59,24,0
1573,59,19,0
1574,56,11,0
1575,48,5,0
1576,30,2,0
1577,11,8,0
1578,6,18,0
1579,7,23,0
1580,16,25,0
1581,34,25,0
1582,54,22,0
1583,48,32,0
1584,52,34,0
1585,64,34,0
1586,74,29,0
1587,75,25,0
1588,73,21,0
1589,63,17,0
1590,53,17,0
1591,47,20,0
1592,45,33,0
1593,59,46,0
1594,81,55,0
1595,175,76,0
1596,264,99,0
1597,357,132,0
1598,442,178,0
1599,507,223,0
1600,549,281,0
1601,570,329,0
1602,596,396,0
1603,626,459,0
1604,647,503,0
1605,650,516,0
1606,650,530,0
1607,646,544,0
1608,644,555,0
1609,643,565,0
1610,643,571,0
1611,643,575,0
1612,645,585,0
1613,652,597,0
1614,662,610,0
1615,673,621,0
1616,462,568,0
1617,463,563,0
1618,468,559,0
1619,480,549,0
1620,499,534,0
1621,522,517,0
1622,551,489,0
1623,598,440,0
1624,655,380,0
1625,710,316,0
1626,765,249,0
1627,845,158,0
1628,863,140,0
1629,917,88,0
1630,940,67,0
1631,959,48,0
1632,968,38,0
1633,970,35,0
1634,124,0,0
1635,143,24,0
1636,155,34,0
1637,157,33,0
1638,111,0,0
1639,7,29,0
1640,18,2,0
1641,23,3,0
1642,25,3,0
1643,30,3,0
1644,32,3,0
1645,28,3,0
1646,24,5,0
1647,21,10,0
1648,20,14,0
1649,34,17,0
1650,41,17,0
1651,44,17,0
1652,49,12,0
1653,49,10,0
1654,48,5,0
1655,45,3,0
1656,31,0,0
1657,22,0,0
1658,17,6,0
1659,17,10,0
1660,20,13,0
1661,27,13,0
1662,37,13,0
1663,48,13,0
1664,53,13,0
1665,52,11,0
1666,43,6,0
1667,21,0,0
1668,47,5,0
1669,44,1,0
1670,42,0,0
1671,37,1,0
1672,35,4,0
1673,35,6,0
1674,35,11,0
1675,38,15,0
1676,40,15,0
1677,50,13,0
1678,55,10,0
1679,57,7,0
1680,57,3,0
1681,56,1,0
1682,55,1,0
1683,50,4,0
1684,48,10,0
1685,48,12,0
1686,51,13,0
1687,55,13,0
1688,58,11,0
1689,59,9,0
1690,59,6,0
1691,59,3,0
1692,54,0,0
1693,51,0,0
1694,49,0,0
1695,47,8,0
1696,51,12,0
1697,57,13,0
1698,64,13,0
1699,67,13,0
1700,68,12,0
1701,66,8,0
1702,59,2,0
1703,19,1,0
1704,19,4,0
1705,23,9,0
1706,31,10,0
1707,37,10,0
1708,45,6,0
1709,47,3,0
1710,47,2,0
1711,47,1,0
1712,45,1,0
1713,41,8,0
1714,36,20,0
1715,57,6,0
1716,49,16,0
1717,48,17,0
1718,50,18,0
1719,59,18,0
1720,73,15,0
1721,79,14,0
1722,76,16,0
1723,68,21,0
1724,62,27,0
1725,51,40,0
1726,46,49,0
1727,46,53,0
1728,46,55,0
1729,48,57,0
1730,49,57,0
1731,51,57,0
1732,52,57,0
1733,52,58,0
1734,52,59,0
1735,52,59,0
1736,52,59,0
1737,53,59,0
1738,61,59,0
1739,72,59,0
1740,87,59,0
1741,99,59,0
1742,111,59,0
1743,121,59,0
1744,131,61,0
1745,138,61,0
1746,142,62,0
1747,145,63,0
1748,151,64,0
1749,158,64,0
1750,162,64,0
1751,168,64,0
1752,174,63,0
1753,178,63,0
1754,183,63,0
1755,184,63,0
1756,185,63,0
1757,186,64,0
1758,188,64,0
1759,207,64,0
1760,214,63,0
1761,216,63,0
1762,218,62,0
1763,220,62,0
1764,221,62,0
1765,222,62,0
1766,223,62,0
1767,225,64,0
1768,227,64,0
1769,230,65,0
1770,238,66,0
1771,244,66,0
1772,279,66,0
1773,285,66,0
1774,290,66,0
1775,291,66,0
1776,293,68,0
1777,296,69,0
1778,301,70,0
1779,316,70,0
1780,326,70,0
1781,329,71,0
1782,329,71,0
1783,335,72,0
1784,342,72,0
1785,353,74,0
1786,365,76,0
1787,382,78,0
1788,396,81,0
1789,411,85,0
1790,427,87,0
1791,445,91,0
1792,473,99,0
1793,492,104,0
1794,909,358,0
1795,911,376,0
1796,976,394,0
1797,1063,396,0
1798,1126,381,0
1799,1156,361,0
1800,1165,347,0
1801,1167,320,0
1802,1148,289,0
1803,1109,269,0
1804,1060,268,0
1805,1005,298,0
1806,958,344,0
1807,932,391,0
1808,944,425,0
1809,1082,240,0
1810,1053,227,0
1811,989,228,0
1812,931,262,0
1813,880,326,0
1814,867,374,0
1815,885,398,0
1816,947,413,0
1817,1052,411,0
1818,1094,388,0
1819,1114,363,0
1820,1118,325,0
1821,1101,273,0
1822,1054,219,0
1823,994,198,0
1824,923,207,0
1825,853,261,0
1826,805,346,0
1827,812,415,0
1828,871,440,0
1829,951,443,0
1830,1021,427,0
1831,1056,398,0
1832,1066,362,0
1833,1060,322,0
1834,1005,261,0
1835,982,253,0
1836,900,280,0
1837,850,339,0
1838,831,393,0
1839,844,415,0
1840,901,427,0
1841,973,423,0
1842,1022,408,0
1843,1053,385,0
1844,1064,349,0
1845,1043,295,0
1846,1011,274,0
1847,978,278,0
1848,929,314,0
1849,887,372,0
1850,879,410,0
1851,899,423,0
1852,954,427,0
1853,994,409,0
1854,1017,387,0
1855,1023,371,0
1856,1020,346,0
1857,1003,332,0
1858,981,336,0
1859,925,395,0
1860,909,442,0
1861,924,459,0
1862,975,462,0
1863,928,338,0
1864,928,362,0
1865,963,374,0
1866,1034,376,0
1867,1108,364,0
1868,1145,346,0
1869,1158,327,0
1870,1156,293,0
1871,1138,268,0
1872,1109,248,0
1873,1088,247,0
1874,1067,257,0
1875,1050,271,0
1876,1047,280,0
1877,1069,282,0
1878,1105,277,0
1879,1159,254,0
1880,1195,230,0
1881,1205,212,0
1882,1206,193,0
1883,1201,177,0
1884,1193,173,0
1885,1178,180,0
1886,1170,186,0
1887,1178,181,0
1888,1194,169,0
1889,1152,124,0
1890,1186,126,0
1891,1206,126,0
1892,1210,125,0
1893,1211,120,0
1894,1205,110,0
1895,1200,105,0
1896,1178,94,0
1897,1169,92,0
1898,1167,92,0
1899,1166,95,0
1900,1169,101,0
1901,1194,110,0
1902,1216,110,0
1903,1221,110,0
1904,1237,101,0
1905,1247,92,0
1906,1250,83,0
1907,1251,75,0
1908,1251,68,0
1909,1251,63,0
1910,1251,60,0
1911,1251,59,0
1912,1252,59,0
1913,1255,57,0
1914,1256,56,0
1915,1256,55,0
1916,1254,55,0
1917,1251,55,0
1918,1246,55,0
1919,1235,57,0
1920,455,19,0
1921,440,20,0
1922,431,20,0
1923,413,21,0
1924,395,21,0
1925,359,21,0
1926,335,19,0
1927,310,18,0
1928,279,18,0
1929,248,18,0
1930,222,16,0
1931,189,14,0
1932,181,14,0
1933,166,13,0
1934,160,13,0
1935,154,13,0
1936,144,13,0
1937,129,14,0
1938,106,17,0
1939,85,19,0
1940,71,20,0
1941,66,22,0
1942,37,21,0
1943,36,21,0
1944,35,21,0
1945,34,21,0
1946,33,21,0
1947,32,21,0
1948,31,21,0
1949,30,21,0
1950,29,21,0
1951,28,22,0
1952,27,23,0
1953,26,23,0
1954,25,24,0
1955,24,25,0
1956,23,26,0
1957,23,28,0
1958,52,29,0
1959,46,30,0
1960,39,30,0
1961,31,30,0
1962,26,29,0
1963,23,27,0
1964,20,24,0
1965,19,23,0
1966,18,22,0
1967,18,21,0
1968,18,20,0
1969,18,19,0
1970,20,17,0
1971,23,15,0
1972,25,14,0
1973,29,13,0
1974,38,13,0
1975,47,16,0
1976,53,17,0
1977,57,19,0
1978,58,20,0
1979,64,32,0
1980,64,34,0
1981,63,35,0
1982,58,35,0
1983,48,35,0
1984,35,33,0
1985,24,29,0
1986,19,24,0
1987,21,18,0
1988,26,14,0
1989,28,13,0
1990,30,13,0
1991,30,14,0
1992,30,16,0
1993,30,21,0
1994,33,27,0
1995,36,31,0
1996,41,33,0
1997,47,33,0
1998,57,31,0
1999,62,25,0
2000,63,23,0
2001,64,19,0
2002,61,14,0
2003,57,13,0
2004,50,12,0
2005,42,12,0
2006,34,16,0
2007,29,23,0
2008,32,30,0
2009,38,32,0
2010,47,32,0
2011,55,31,0
2012,59,28,0
2013,62,24,0
2014,62,18,0
2015,54,15,0
2016,49,15,0
2017,41,20,0
2018,37,27,0
2019,36,33,0
2020,38,36,0
2021,44,37,0
2022,54,36,0
2023,58,31,0
2024,58,27,0
2025,58,24,0
2026,54,21,0
2027,48,21,0
2028,41,24,0
2029,39,29,0
2030,42,29,0
2031,765,580,0
2032,764,587,0
2033,763,591,0
2034,762,594,0
2035,760,598,0
2036,758,604,0
2037,758,610,0
2038,759,614,0
2039,764,619,0
2040,765,619,0
2041,769,620,0
2042,769,621,0
2043,769,624,0
2044,769,626,0
2045,488,590,0
2046,488,590,0
2047,488,590,0
2048,489,589,0
2049,489,589,0
2050,489,589,0
2051,495,585,0
2052,495,585,0
2053,509,576,0
2054,495,585,0
2055,509,576,0
2056,526,564,0
2057,509,576,0
2058,526,564,0
2059,548,548,0
2060,526,564,0
2061,548,548,0
2062,584,522,0
2063,548,548,0
2064,584,522,0
2065,656,468,0
2066,584,522,0
2067,656,468,0
2068,709,427,0
2069,656,468,0
2070,769,368,0
2071,709,427,0
2072,709,427,0
2073,836,300,0
2074,769,368,0
2075,769,368,0
2076,908,209,0
2077,836,300,0
2078,836,300,0
2079,946,145,0
2080,908,209,0
2081,908,209,0
2082,946,145,0
2083,974,92,0
2084,946,145,0
2085,989,55,0
2086,974,92,0
2087,974,92,0
2088,989,55,0
2089,998,23,0
2090,989,55,0
2091,998,23,0
2092,1001,6,0
2093,998,23,0
2094,1001,6,0
2095,1001,6,0
2096,488,590,0
2097,489,589,0
2098,495,585,0
2099,509,576,0
2100,526,564,0
2101,548,548,0
2102,584,522,0
2103,656,468,0
2104,709,427,0
2105,769,368,0
2106,836,300,0
2107,908,209,0
2108,946,145,0
2109,974,92,0
2110,989,55,0
2111,998,23,0
2112,1001,6,0
2113,760,1,0
2114,731,18,0
2115,657,55,0
2116,566,90,0
2117,419,135,0
2118,343,157,0
2119,315,166,0
2120,303,172,0
2121,302,175,0
2122,303,175,0
2123,304,175,0
2124,304,172,0
2125,302,170,0
2126,257,149,0
2127,196,138,0
2128,131,136,0
2129,86,144,0
2130,52,161,0
2131,42,181,0
2132,48,202,0
2133,68,222,0
2134,177,259,0
2135,259,272,0
2136,337,277,0
2137,382,270,0
2138,394,250,0
2139,391,218,0
2140,353,151,0
2141,281,66,0
2142,202,10,0
2143,101,31,0
2144,99,31,0
2145,99,29,0
2146,99,26,0
2147,98,17,0
2148,97,6,0
2149,97,7,0
2150,100,21,0
2151,128,98,0
2152,157,146,0
2153,199,194,0
2154,242,231,0
2155,283,258,0
2156,317,272,0
2157,338,274,0
2158,359,270,0
2159,373,255,0
2160,380,233,0
2161,379,197,0
2162,167,232,0
2163,185,251,0
2164,217,267,0
2165,260,279,0
2166,293,281,0
2167,315,272,0
2168,325,256,0
2169,325,231,0
2170,304,191,0
2171,263,145,0
2172,178,96,0
2173,121,89,0
2174,67,94,0
2175,38,108,0
2176,25,125,0
2177,25,140,0
2178,43,152,0
2179,94,156,0
2180,124,151,0
2181,138,142,0
2182,141,128,0
2183,135,110,0
2184,121,94,0
2185,104,80,0
2186,77,76,0
2187,56,81,0
2188,41,98,0
2189,32,121,0
2190,38,151,0
2191,72,184,0
2192,124,210,0
2193,171,217,0
2194,209,217,0
2195,230,209,0
2196,234,201,0
2197,231,175,0
2198,217,152,0
2199,97,134,0
2200,101,145,0
2201,108,154,0
2202,120,160,0
2203,145,163,0
2204,157,163,0
2205,166,159,0
2206,169,154,0
2207,170,147,0
2208,170,140,0
2209,170,133,0
2210,166,124,0
2211,162,116,0
2212,152,107,0
2213,145,105,0
2214,141,104,0
2215,140,104,0
2216,140,102,0
2217,141,99,0
2218,144,96,0
2219,148,93,0
2220,156,88,0
2221,170,84,0
2222,190,78,0
2223,216,74,0
2224,245,69,0
2225,276,62,0
2226,283,61,0
2227,284,61,0
2228,284,62,0
2229,286,67,0
2230,298,84,0
2231,317,102,0
2232,349,121,0
2233,391,136,0
2234,458,153,0
2235,518,168,0
2236,576,175,0
2237,607,175,0
2238,639,175,0
2239,670,170,0
2240,689,162,0
2241,1107,337,0
2242,1097,387,0
2243,1086,416,0
2244,1076,438,0
2245,1069,454,0
2246,1060,471,0
2247,1050,489,0
2248,1042,499,0
2249,1034,505,0
2250,1022,508,0
2251,1006,508,0
2252,982,507,0
2253,947,507,0
2254,926,510,0
2255,908,515,0
2256,898,520,0
2257,893,523,0
2258,892,524,0
2259,892,525,0
2260,892,527,0
2261,892,533,0
2262,892,543,0
2263,892,551,0
2264,892,559,0
2265,892,564,0
2266,892,567,0
2267,890,568,0
2268,885,572,0
2269,878,576,0
2270,872,579,0
2271,868,583,0
2272,865,586,0
2273,863,588,0
2274,748,625,0
2275,742,621,0
2276,723,613,0
2277,704,602,0
2278,275,114,0
2279,306,139,0
2280,359,142,0
2281,354,137,0
2282,346,129,0
2283,338,124,0
2284,318,119,0
2285,300,118,0
2286,275,120,0
2287,250,132,0
2288,222,160,0
2289,221,179,0
2290,232,195,0
2291,250,207,0
2292,275,215,0
2293,309,220,0
2294,347,220,0
2295,396,220,0
2296,437,215,0
2297,466,204,0
2298,473,197,0
2299,475,193,0
2300,476,193,0
2301,485,196,0
2302,509,205,0
2303,532,214,0
2304,583,227,0
2305,593,230,0
2306,637,236,0
2307,658,237,0
2308,673,237,0
2309,682,236,0
2310,685,235,0
2311,686,235,0
2312,687,234,0
2313,691,233,0
2314,689,238,0
2315,679,244,0
2316,664,249,0
2317,640,251,0
2318,590,247,0
2319,524,234,0
2320,429,208,0
2321,375,187,0
2322,346,171,0
2323,340,162,0
2324,341,156,0
2325,351,149,0
2326,375,140,0
2327,428,135,0
2328,496,135,0
2329,607,143,0
2330,1082,383,0
2331,1079,350,0
2332,1029,279,0
2333,939,220,0
2334,861,198,0
2335,733,208,0
2336,655,242,0
2337,601,275,0
2338,561,323,0
2339,550,361,0
2340,551,383,0
2341,563,401,0
2342,584,412,0
2343,633,424,0
2344,718,428,0
2345,825,411,0
2346,886,382,0
2347,916,342,0
2348,916,293,0
2349,874,235,0
2350,790,181,0
2351,706,157,0
2352,616,153,0
2353,501,190,0
2354,459,255,0
2355,455,303,0
2356,483,347,0
2357,550,373,0
2358,641,378,0
2359,485,176,0
2360,391,198,0
2361,325,245,0
2362,315,302,0
2363,360,344,0
2364,437,361,0
2365,548,360,0
2366,701,323,0
2367,726,303,0
2368,712,271,0
2369,635,210,0
2370,528,172,0
2371,396,159,0
2372,277,174,0
2373,189,223,0
2374,172,257,0
2375,240,271,0
2376,340,260,0
2377,435,233,0
2378,462,208,0
2379,451,178,0
2380,387,128,0
2381,278,95,0
2382,172,93,0
2383,92,113,0
2384,67,131,0
2385,81,131,0
2386,115,122,0
2387,140,105,0
2388,142,94,0
2389,130,78,0
2390,107,65,0
2391,85,62,0
2392,65,64,0
2393,56,65,0
2394,55,65,0
2395,55,62,0
2396,55,56,0
2397,54,49,0
2398,52,45,0
2399,51,45,0
2400,50,45,0
2401,49,44,0
2402,48,44,0
2403,46,44,0
2404,42,44,0
2405,37,51,0
2406,34,63,0
2407,34,76,0
2408,48,85,0
2409,62,87,0
2410,70,87,0
2411,961,358,0
2412,968,355,0
2413,972,349,0
2414,974,336,0
2415,967,315,0
2416,947,303,0
2417,926,302,0
2418,905,311,0
2419,897,325,0
2420,900,334,0
2421,910,336,0
2422,923,336,0
2423,936,331,0
2424,941,326,0
2425,942,321,0
2426,941,317,0
2427,917,343,0
2428,922,347,0
2429,930,348,0
2430,936,346,0
2431,939,342,0
2432,940,329,0
2433,931,320,0
2434,921,318,0
2435,910,318,0
2436,902,326,0
2437,898,338,0
2438,899,345,0
2439,906,349,0
2440,915,350,0
2441,920,350,0
2442,927,342,0
2443,927,339,0
2444,924,333,0
2445,921,332,0
2446,918,333,0
2447,916,338,0
2448,916,347,0
2449,917,347,0
2450,918,347,0
2451,922,344,0
2452,922,340,0
2453,922,337,0
2454,920,333,0
2455,917,333,0
2456,912,335,0
2457,911,341,0
2458,911,344,0
2459,912,345,0
2460,916,345,0
2461,919,339,0
2462,920,334,0
2463,920,330,0
2464,916,326,0
2465,911,325,0
2466,908,326,0
2467,906,333,0
2468,906,337,0
2469,909,340,0
2470,914,342,0
2471,917,342,0
2472,920,338,0
2473,920,334,0
2474,914,327,0
2475,905,323,0
2476,900,323,0
2477,896,328,0
2478,896,338,0
2479,901,349,0
2480,908,353,0
2481,912,353,0
2482,914,351,0
2483,915,347,0
2484,894,384,0
2485,905,382,0
2486,919,372,0
2487,921,367,0
2488,921,362,0
2489,919,357,0
2490,916,357,0
2491,909,368,0
2492,905,380,0
2493,905,385,0
2494,907,386,0
2495,913,385,0
2496,920,380,0
2497,930,368,0
2498,930,361,0
2499,926,357,0
2500,920,355,0
2501,910,358,0
2502,898,368,0
2503,889,386,0
2504,888,394,0
2505,893,397,0
2506,915,397,0
2507,931,392,0
2508,942,385,0
2509,946,377,0
2510,946,370,0
2511,940,363,0
2512,914,355,0
2513,902,357,0
2514,896,364,0
2515,925,374,0
2516,922,363,0
2517,916,360,0
2518,908,360,0
2519,900,370,0
2520,896,381,0
2521,898,388,0
2522,910,390,0
2523,918,390,0
2524,926,386,0
2525,933,379,0
2526,934,371,0
2527,934,368,0
2528,932,367,0
2529,926,374,0
2530,921,386,0
2531,920,396,0
2532,921,399,0
2533,927,400,0
2534,935,396,0
2535,940,389,0
2536,942,384,0
2537,937,374,0
2538,931,372,0
2539,924,373,0
2540,914,383,0
2541,911,391,0
2542,919,394,0
2543,933,393,0
2544,943,390,0
2545,948,385,0
2546,949,381,0
2547,949,377,0
2548,944,375,0
2549,941,375,0
2550,935,377,0
2551,932,381,0
2552,932,382,0
2553,932,383,0
2554,932,384,0
2555,932,389,0
2556,928,397,0
2557,922,408,0
2558,909,428,0
2559,892,453,0
2560,865,500,0
2561,843,540,0
2562,827,568,0
2563,816,585,0
2564,807,598,0
2565,799,610,0
2566,792,618,0
2567,789,621,0
2568,786,623,0
